"Name","FMISID","LPNN","WMO","Lat","Lon","Elevation","Groups","Started",,,
"Hailuoto Kujalannurkka",104109,,,65,24.7,4,"air quality (FMI)",1995,,,
"Hämeenlinna Kotinen",101188,1437,,61.2,25.1,158,"air quality (FMI)",1987,,,
"Kuopio Puijo",101587,3618,,62.9,27.7,230,"air quality (FMI)",2010,,,
"Lieksa Hietajärvi",101650,3918,,63.2,30.7,173,"air quality (FMI)",1987,,,
"Sodankylä Heikinheimo-masto",101942,7511,2742,67.4,26.6,179,"air quality (FMI)",2000,,,
"Virolahti Harju",108036,,,60.5,27.6,20,"air quality (FMI)",2023,,,
"Espoo Leppävaara Läkkisepänkuja",100691,,,60.2,24.8,9,"air quality (urban)",2010,,,
"Espoo Lintuvaara 2",104084,,,60.2,24.8,,"air quality (urban)",2015,,,
"Espoo Luukki",100723,,,60.3,24.7,64,"air quality (urban)",1987,,,
"Espoo Länsiväylä Friisilä",106949,,,60.2,24.7,5,"air quality (urban)",2019,,,
"Espoo Pohjois-Tapiola 2",107399,,,60.2,24.8,8,"air quality (urban)",2022,,,
"Harjavalta Kaleva",103142,,,61.3,22.1,,"air quality (urban)",1978,,,
"Harjavalta Pirkkala",103143,,,61.3,22.1,40,"air quality (urban)",1990,,,
"Heinola Tiilitehtaankatu",105416,,,61.2,26,70,"air quality (urban)",2018,,,
"Heinola Tommola",107392,,,61.2,26,93,"air quality (urban)",2021,,,
"Heinola Vierumäki",107393,,,61.1,25.9,140,"air quality (urban)",2021,,,
"Helsinki Kallio 2",100662,,,60.2,25,21,"air quality (urban)",1999,,,
"Helsinki Katajanokka 2",104053,,,60.2,25,,"air quality (urban)",2009,,,
"Helsinki Kustaa Vaasan tie",108158,,,60.2,25,13,"air quality (urban)",2025,,,
"Helsinki Mannerheimintie",100742,,,60.2,24.9,5,"air quality (urban)",2005,,,
"Helsinki Mäkelänkatu",100762,,,60.2,25,25,"air quality (urban)",2015,,,
"Helsinki Paloheinä",107165,,,60.3,24.9,26,"air quality (urban)",2019,,,
"Helsinki Tapanila",104074,,,60.3,25,26,"air quality (urban)",2012,,,
"Helsinki Tapanila 2",108069,,,60.3,25,28,"air quality (urban)",2024,,,
"Helsinki Teollisuuskatu",108068,,,60.2,24.9,18,"air quality (urban)",2024,,,
"Helsinki Vartiokylä Huivipolku",100803,,,60.2,25.1,25,"air quality (urban)",2009,,,
"Helsinki Vuosaaren satama",104089,,,60.2,25.2,,"air quality (urban)",2016,,,
"Hollola Kansankatu siirrettävä",103814,,,61,25.5,150,"air quality (urban)",2015,,,
"Hollola Kuntotie",107623,,,61,25.5,106,"air quality (urban)",2023,,,
"Hollola Muovitie",104096,,,61,25.5,156,"air quality (urban)",2015,,,
"Hyvinkää Kruununpuisto",107166,,,60.6,24.9,106,"air quality (urban)",2019,,,
"Hämeenlinna Niittykatu",103109,,,61,24.5,85,"air quality (urban)",2011,,,
"Imatra Mansikkala",103118,,,61.2,28.8,75,"air quality (urban)",1998,,,
"Imatra Pelkolan tulliasema Raja",103119,,,61.1,28.8,60,"air quality (urban)",1991,,,
"Imatra Rautionkylä",103121,,,61.2,28.9,101,"air quality (urban)",1987,,,
"Imatra Teppanala",103122,,,61.2,28.8,62,"air quality (urban)",1994,,,
"Joensuu Koskikatu 1",103148,,,62.6,29.8,80,"air quality (urban)",2003,,,
"Jyväskylä Hannikaisenkatu",106796,,,62.2,25.7,,"air quality (urban)",2018,,,
"Jyväskylä Jyskä",107401,,,62.2,25.8,88,"air quality (urban)",2022,,,
"Kaarina Kaarina",100823,,,60.4,22.4,13,"air quality (urban)",2004,,,
"Karkkila",104090,,,60.5,24.2,,"air quality (urban)",2015,,,
"Kauniainen Kauniaistentie",105405,,,60.2,24.7,,"air quality (urban)",2018,,,
"Kemi Biotuotetehdas",107284,,,65.8,24.5,,"air quality (urban)",2021,,,
"Kemi Keskusta",107218,,,65.7,24.6,10,"air quality (urban)",2020,,,
"Kerava",104104,,,60.4,25.1,50,"air quality (urban)",2005,,,
"Kirkkonummi keskusta",106953,,,60.1,24.4,21,"air quality (urban)",2019,,,
"Kokkola Kauppatori",108131,,,63.8,23.1,2,"air quality (urban)",2024,,,
"Kokkola Ykspihlaja",103108,,,63.8,23,7,"air quality (urban)",1990,,,
"Kokkola keskusta Pitkänsillankatu",103107,,,63.8,23.1,10,"air quality (urban)",1998,,,
"Kotka Karhula",108070,,,60.5,26.9,4,"air quality (urban)",2024,,,
"Kotka Kirjastotalo",103105,,,60.5,26.9,25,"air quality (urban)",1983,,,
"Kotka Kirkkokatu",108159,,,60.5,26.9,4,"air quality (urban)",2025,,,
"Kotka Mussalo satama/siirrettävä",107164,,,60.4,26.9,4,"air quality (urban)",2019,,,
"Kotka Tiutinen",107622,,,60.5,27,4,"air quality (urban)",2022,,,
"Kouvola Kankaan Koulu",104078,,,60.9,26.7,75,"air quality (urban)",2013,,,
"Kouvola Kuusankoski Mäkikylä",104042,,,60.9,26.6,60,"air quality (urban)",2007,,,
"Kouvola Kuusankoski Urheilukentäntie",103112,,,60.9,26.6,55,"air quality (urban)",1991,,,
"Kuopio Haminalahti",100882,,,62.8,27.5,108,"air quality (urban)",2012,,,
"Kuopio Kasarmipuisto",102102,,,62.9,27.7,112,"air quality (urban)",1994,,,
"Kuopio Kurkimäki",107541,,,62.8,27.5,168,"air quality (urban)",2021,,,
"Kuopio Maaherrankatu",103093,,,62.9,27.7,,"air quality (urban)",2004,,,
"Kuopio Niirala",104098,,,62.9,27.7,122,"air quality (urban)",2015,,,
"Kuopio Pirtti",108297,,,62.8,27.7,102,"air quality (urban)",2025,,,
"Kuopio Savilahti KYS",106954,,,62.9,27.6,102,"air quality (urban)",2019,,,
"Kuopio Sorsasalo",103094,,,63,27.7,,"air quality (urban)",1991,,,
"Kuopio Tasavallankatu",103095,,,62.9,27.7,,"air quality (urban)",2009,,,
"Lahti Holma",104092,,,61,25.7,95,"air quality (urban)",2010,,,
"Lahti Kisapuisto",103130,,,61,25.6,89,"air quality (urban)",1981,,,
"Lahti Laune Pohjoinen Liipolankatu",103131,,,61,25.7,85,"air quality (urban)",2000,,,
"Lahti Mustamäenkatu",107282,,,61,25.6,83,"air quality (urban)",2020,,,
"Lahti Saimaankatu",103132,,,61,25.7,85,"air quality (urban)",2013,,,
"Lahti Satulakatu",103133,,,61,25.6,155,"air quality (urban)",2011,,,
"Lahti Vesku 11",103134,,,61,25.7,99,"air quality (urban)",1990,,,
"Lappeenranta Ihalainen 2",107563,,,61,28.2,84,"air quality (urban)",2022,,,
"Lappeenranta Joutsenon keskusta",103115,,,61.1,28.5,103,"air quality (urban)",1997,,,
"Lappeenranta Lauritsala",103117,,,61.1,28.3,105,"air quality (urban)",1994,,,
"Lappeenranta Ojala-Tuomela",107379,,,61,28.2,70,"air quality (urban)",2021,,,
"Lappeenranta Pulp",103120,,,61.1,28.5,105,"air quality (urban)",1996,,,
"Lappeenranta Tirilä Pekkasenkatu",103123,,,61.1,28.2,91,"air quality (urban)",1989,,,
"Lappeenranta keskusta 4",103116,,,61.1,28.2,106,"air quality (urban)",2008,,,
"Lohja Harjula",107147,,,60.2,24.1,70,"air quality (urban)",2020,,,
"Luoto Vikarholmen",103153,,,63.7,22.8,2,"air quality (urban)",2001,,,
"Mariehamn Ålandsvägen",108160,,,60.1,19.9,7,"air quality (urban)",2025,,,
"Mikkeli Porrassalmenkatu",103149,,,61.7,27.3,89,"air quality (urban)",2003,,,
"Naantali keskusta Asematori",100824,,,60.5,22,14,"air quality (urban)",1999,,,
"Nastola Kukkasen koulu",104097,,,60.9,25.9,131,"air quality (urban)",2015,,,
"Nastola Rakokiventie siirrettävä",104091,,,60.9,26,142,"air quality (urban)",2016,,,
"Oulu Nokela",103124,,,65,25.5,8,"air quality (urban)",1979,,,
"Oulu Pyykösjärvi",103126,,,65,25.5,8,"air quality (urban)",1991,,,
"Oulu keskusta 2",103125,,,65,25.5,5,"air quality (urban)",1997,,,
"Parainen",104064,,,60.3,22.3,3,"air quality (urban)",2010,,,
"Pieksämäki Savontie",104108,,,62.3,27.2,111,"air quality (urban)",2007,,,
"Pietarsaari Bottenviksvägen",103152,,,63.7,22.7,8,"air quality (urban)",1994,,,
"Pori Paanakedonkatu",106420,,,61.5,21.8,2,"air quality (urban)",2016,,,
"Pori Pastuskeri",103135,,,61.7,21.5,3,"air quality (urban)",2012,,,
"Porvoo Mannerheiminkatu",104029,,,60.4,25.7,10,"air quality (urban)",2004,,,
"Porvoo Mustijoki",103139,,,60.4,25.6,10,"air quality (urban)",1991,,,
"Porvoo Nyby",103140,,,60.3,25.5,28,"air quality (urban)",2011,,,
"Porvoo Svartbäck",103141,,,60.3,25.5,15,"air quality (urban)",2013,,,
"Raahe Lapaluoto",103145,,,64.7,24.4,,"air quality (urban)",1982,,,
"Raahe keskusta",103147,,,64.7,24.5,3,"air quality (urban)",2005,,,
"Raasepori Karjaa",108098,,,60.1,23.7,19,"air quality (urban)",2023,,,
"Raisio Ihala",106630,,,60.5,22.2,10,"air quality (urban)",2017,,,
"Raisio Kaanaa Sakunpiha",106419,,,60.5,22.1,20,"air quality (urban)",2016,,,
"Ranua Suhanko Palovaara",108156,,,66.1,26.1,223,"air quality (urban)",2024,,,
"Rauma Sinisaari",778578,,,61.1,21.5,2,"air quality (urban)",1986,,,
"Rauma Tarvonsaari Hallikatu",103113,,,61.1,21.5,3,"air quality (urban)",2002,,,
"Rovaniemi Rovakatu",103816,,,66.5,25.7,,"air quality (urban)",2015,,,
"Savonlinna Haapasalmi",106418,,,61.9,28.9,79,"air quality (urban)",2016,,,
"Savonlinna Olavinkatu",104045,,,61.9,28.9,79,"air quality (urban)",2004,,,
"Seinäjoki Vapaudentie 6a",103110,,,62.8,22.8,,"air quality (urban)",2011,,,
"Siilinjärvi Kolmisoppi",108123,,,63.2,27.7,107,"air quality (urban)",2023,,,
"Siilinjärvi Kuusela",108481,,,63.1,27.7,89,"air quality (urban)",2025,,,
"Siilinjärvi Kuuslahti",107026,,,63.1,27.8,103,"air quality (urban)",2018,,,
"Siilinjärvi Murtomäki",106629,,,63.1,27.7,123,"air quality (urban)",2017,,,
"Siilinjärvi Musti",105425,,,63.2,27.7,140,"air quality (urban)",2019,,,
"Siilinjärvi Pahkamäki",104099,,,63.2,27.8,143,"air quality (urban)",2015,,,
"Siilinjärvi Ranta",107542,,,63.1,27.8,87,"air quality (urban)",2021,,,
"Siilinjärvi Sorakuja",104017,,,63.1,27.7,,"air quality (urban)",2002,,,
"Tampere Epila 2",103096,,,61.5,23.7,100,"air quality (urban)",2009,,,
"Tampere Kaleva",103097,,,61.5,23.8,109,"air quality (urban)",2009,,,
"Tampere Linja-autoasema",103098,,,61.5,23.8,80,"air quality (urban)",2008,,,
"Tampere Pirkankatu",103099,,,61.5,23.7,120,"air quality (urban)",2003,,,
"Tornio Keskusta",107142,,,65.8,24.1,,"air quality (urban)",2019,,,
"Tornio Näätsaari",107141,,,65.8,24.2,,"air quality (urban)",2019,,,
"Turku Kauppatori 2",107569,,,60.5,22.3,5,"air quality (urban)",2022,,,
"Turku Kauppatori väliaikainen",106797,,,60.5,22.3,6,"air quality (urban)",2018,,,
"Turku Ruissalo Saarontie",100845,,,60.4,22.1,6,"air quality (urban)",1999,,,
"Vaasa Vesitorni",103103,,,63.1,21.6,16,"air quality (urban)",2006,,,
"Vaasa keskusta Vaasanpuistikko",103104,,,63.1,21.6,15,"air quality (urban)",2001,,,
"Vantaa Hämeenlinnanväylä",104083,,,60.3,24.9,29,"air quality (urban)",2015,,,
"Vantaa Jätevoimala",104085,,,60.3,25.1,,"air quality (urban)",2014,,,
"Vantaa Kehä III Viinikkala",108157,,,60.3,24.9,26,"air quality (urban)",2025,,,
"Vantaa Päiväkumpu",104066,,,60.3,25.1,,"air quality (urban)",2010,,,
"Vantaa Tikkurila Neilikkatie",100763,,,60.3,25,21,"air quality (urban)",1996,,,
"Vantaa Tikkurila Talvikkitie",106951,,,60.3,25,17,"air quality (urban)",2019,,,
"Varkaus Kommila",107382,,,62.3,27.9,86,"air quality (urban)",2021,,,
"Varkaus Kosulanniemi Rantalankatu",106417,,,62.3,27.9,85,"air quality (urban)",2016,,,
"Varkaus Psaari 2",103100,,,62.3,27.9,80,"air quality (urban)",2003,,,
"Varkaus Taulumäki (toripaviljonki)",103102,,,62.3,27.9,86,"air quality (urban)",2001,,,
"Varkaus kaupungintalo",104188,,,62.3,27.9,78,"air quality (urban)",1991,,,
"Äänekoski Paloasema",107168,,,62.6,25.7,,"air quality (urban)",2020,,,
"Espoo Kytö",654910,,,60.1,24.7,0,"buoy",2013,,,
"Hanko Längden",654900,,,59.8,23.2,0,"buoy",2013,,,
"Helsinki Suomenlinna wavebuoy",103976,,,60.1,25,0,"buoy",2016,,,
"Kalajoki Maakalla",103808,,,64.3,23.6,,"buoy",2015,,,
"Kemi aaltopoiju",108499,,,65.5,24.3,0,"buoy",2025,,,
"Kemiönsaari Kalvören",654923,,,59.9,22.6,,"buoy",2013,,,
"Kotka Kuusenkari",100761,,,60.3,27.1,0,"buoy",2014,,,
"Loviisa Orrengrund aaltopoiju",108495,,,60.2,26.4,0,"buoy",2025,,,
"Maalahti Storskäret",107033,,,63.1,20.8,,"buoy",2019,,,
"Oulu Santapankki",103807,,,65.2,25,0,"buoy",2015,,,
"Bay of Bothnia wavebuoy",137228,,,64.7,23.2,0,"buoy",2012,,,
"Northern Baltic Proper wavebuoy",134220,,,59.2,21,0,"buoy",1996,,,
"Pori Kaijakari",104600,,,61.6,21.4,,"buoy",2016,,,
"Sea of Bothnia wavebuoy",134246,,,61.8,20.2,0,"buoy",2011,,,
"Gulf of Finland wavebuoy",134221,,,60,25.2,0,"buoy",1990,,,
"Utö Svartbådarna",108126,,,59.7,21.4,0,"buoy",2024,,,
"Uusikaupunki Vekara",106631,,,60.9,21,0,"buoy",2017,,,
"Hailuoto Marjaniemi Luotsiaseman edusta",669769,,,65,24.6,0,"ice",1904,,,
"Hailuoto lounaispuoli",669476,,,64.9,24.7,0,"ice",1904,,,
"Hanko Itälahti",103932,,,59.8,23,0,"ice",2015,,,
"Helsinki pohjoissatama",100655,,,60.2,25,0,"ice",1907,,,
"Kalajoki Pauha",103931,,,64.2,23.7,0,"ice",2015,,,
"Kaskinen",671968,,,62.3,21.2,0,"ice",1907,,,
"Kaskinen Kummelgrund",100654,,,62.2,21.3,0,"ice",1949,,,
"Kaskinen Sundet",100660,,,62.4,21.2,0,"ice",1907,,,
"Kemi Ajos Luotsiasema",669794,,,65.7,24.5,0,"ice",1907,,,
"Kemi Ajos Luotsipaikka",669795,,,65.6,24.5,0,"ice",1915,,,
"Kirkkonummi Porkkala",103933,,,60,24.3,0,"ice",2015,,,
"Kirkkonummi Porkkala Luotsiaseman edusta",671993,,,60,24.4,0,"ice",1898,,,
"Kirkkonummi Upinniemi",103934,,,60,24.3,0,"ice",2015,,,
"Kokkola Märaskär",100652,,,63.9,22.9,0,"ice",2013,,,
"Kotka Kuusinen",100666,,,60.5,27,0,"ice",2014,,,
"Kotka Tammikatu",100667,,,60.5,27,0,"ice",2014,,,
"Loviisa Boistö",100664,,,60.3,26.5,0,"ice",1915,,,
"Loviisa Kabböle",100661,,,60.3,26.1,0,"ice",2014,,,
"Merikarvia",671969,,,61.8,21.5,0,"ice",1914,,,
"Mustasaari Vallgrund",106956,,,63.2,21.3,0,"ice",2019,,,
"Nauvo Seili",100665,,,60.2,22,0,"ice",2008,,,
"Pietarsaari Mässkär",100653,,,63.7,22.5,0,"ice",2013,,,
"Raahe Heikinkari",100651,,,64.7,24.4,0,"ice",1908,,,
"Rauma Pidesluoto",671970,,,61.1,21.4,0,"ice",1908,,,
"Tornio Röyttä Koivuluoto",669461,,,65.8,24.2,0,"ice",1918,,,
"Turku Kakskerta",100663,,,60.3,22.2,0,"ice",2009,,,
"Turku Ruissalo",103935,,,60.4,22.1,0,"ice",2015,,,
"Vaasa Rönnbuskören",100671,,,63.1,21.5,0,"ice",2014,,,
"Föglö Degerby",134252,,,60,20.4,0,"mareograph",1923,,,
"Hamina Pitäjänsaari",134254,,,60.6,27.2,0,"mareograph",1928,,,
"Hanko Pikku Kolalahti",134253,,,59.8,23,0,"mareograph",1887,,,
"Helsinki Kaivopuisto",132310,345,,60.2,25,2,"mareograph",1904,,,
"Kaskinen Ådskär",134251,,,62.3,21.2,,"mareograph",1926,,,
"Kemi Ajos",100539,,,65.7,24.5,,"mareograph",1922,,,
"Oulu Toppila",134248,,,65,25.4,0,"mareograph",1922,,,
"Pietarsaari Leppäluoto",134250,,,63.7,22.7,0,"mareograph",1922,,,
"Pori Mäntyluoto Kallo",134266,,,61.6,21.5,,"mareograph",1925,,,
"Porvoo Emäsalo Vaarlahti",100669,,,60.2,25.6,0,"mareograph",2014,,,
"Raahe Lapaluoto",100540,,,64.7,24.4,,"mareograph",1922,,,
"Rauma Petäjäs",134224,,,61.1,21.4,,"mareograph",1933,,,
"Turku Ruissalo Saaronniemi",134225,,,60.4,22.1,0,"mareograph",1922,,,
"Vaasa Vaskiluoto",134223,,,63.1,21.6,0,"mareograph",1922,,,
"Espoo Latokaski",101000,334,2838,60.2,24.6,44,"mast",1989,,,
"Kuopio Vehmasmäki",101581,3612,2837,62.7,27.5,190,"mast",1990,,,
"Rovaniemi Vennivaara",101927,7408,2846,66.5,25.6,191,"mast",1991,,,
"Alavus Sulkavankylä",101305,2213,,62.4,23.6,124,"precipitation",1942,,,
"Enonkoski Simanala",101446,2806,,62.1,29,95,"precipitation",1937,,,
"Enontekiö Kaaresuvanto",101968,8102,,68.4,22.5,320,"precipitation",1953,,,
"Heinävesi Palokki",101589,3702,,62.6,28.6,103,"precipitation",1908,,,
"Huittinen Sallila",101075,1111,,61,22.7,70,"precipitation",1961,,,
"Hämeenlinna Pirttikoski",101143,1315,,61,23.9,127,"precipitation",1939,,,
"Isojoki Kärjenkoski",101258,2004,,62.1,21.7,58,"precipitation",1942,,,
"Joensuu Huhtilampi",101460,2903,,62.4,30.4,140,"precipitation",1956,,,
"Joensuu Pyhäselkä",101610,3803,,62.5,29.8,79,"precipitation",1908,,,
"Jyväskylä Muuratjärvi",101352,2414,,62.2,25.4,123,"precipitation",1958,,,
"Kajaani Paltaniemi",101742,4618,,64.3,27.6,134,"precipitation",2000,,,
"Kalajoki Mehtäkylä",101685,4310,,64.3,24.2,40,"precipitation",1961,,,
"Kalajoki Pitkäsenkylä",101683,4308,,64.2,24,18,"precipitation",1958,,,
"Kangasniemi parish",101385,2520,,62,26.6,112,"precipitation",1909,,,
"Kaustinen Tastula",101665,4204,,63.6,23.7,74,"precipitation",1925,,,
"Kittilä Pulju",101980,8305,,68.2,24.8,278,"precipitation",1970,,,
"Kiuruvesi Korpijoki",101712,4504,,63.7,26.4,110,"precipitation",1958,,,
"Kokemäki Rausenkulma",101068,1104,2762,61.3,22.2,38,"precipitation",1931,,,
"Kolari Kattilamaa",101913,7306,,67.4,24,173,"precipitation",1968,,,
"Kouvola Voikoski",101211,1521,,61.3,26.8,90,"precipitation",1968,,,
"Kuhmo Apaja",101771,4811,,64.1,29.2,190,"precipitation",1997,,,
"Kuopio Karttula",101579,3610,,62.9,27.3,131,"precipitation",1982,,,
"Kurikka Hirvijärvi",101285,2117,,62.5,22.9,103,"precipitation",1920,,,
"Kurikka Pyörni",101478,3017,,62.7,22,72,"precipitation",1981,,,
"Lapinlahti Lamminkäyrä",101577,3608,,63.4,27.4,95,"precipitation",1968,,,
"Lieksa Koli",101616,3809,,63.1,29.8,165,"precipitation",1969,,,
"Lohja Leppäkorpi",100963,213,,60.5,23.8,96,"precipitation",1968,,,
"Merikarvia Tuorila",101257,2003,,61.8,21.7,39,"precipitation",1958,,,
"Mikkeli Pitkäaho",107590,2628,,62,27.3,133,"precipitation",2022,,,
"Multia Pirttiperä",101363,2427,,62.4,25,180,"precipitation",1991,,,
"Mustasaari Riimala",101474,3013,,63,21.8,15,"precipitation",1967,,,
"Nokia Tottijärvi",101116,1213,,61.4,23.3,100,"precipitation",1959,,,
"Nurmes Mujejärvi",101763,4803,,63.8,29.5,256,"precipitation",1966,,,
"Närpiö Ylimarkku",101468,3007,,62.6,21.5,35,"precipitation",1961,,,
"Outokumpu Viuruniemi",101590,3703,,62.6,28.9,113,"precipitation",1961,,,
"Pelkosenniemi parish",101947,7604,,67.1,27.5,155,"precipitation",1968,,,
"Pielavesi Venetmäki",101569,3516,,63.3,27,189,"precipitation",1986,,,
"Posio Raistakka",101881,6703,,66,28.2,260,"precipitation",1968,,,
"Pudasjärvi Jaurakkajärvi",101812,5607,,65.2,27.6,133,"precipitation",1968,,,
"Pudasjärvi Sarakylä",101877,6604,,65.8,27.3,158,"precipitation",1968,,,
"Puolanka Kotila",101830,5715,,64.7,28,280,"precipitation",1992,,,
"Pöytyä Yläne",101093,1130,,60.9,22.4,57,"precipitation",1975,,,
"Rautavaara Ala-Luosta",101599,3712,,63.3,28.5,111,"precipitation",1968,,,
"Ristijärvi Mustavaara",101753,4711,,64.5,28.6,275,"precipitation",1978,,,
"Ruokolahti Kotaniemi",101248,1712,,61.4,28.7,97,"precipitation",1998,,,
"Rääkkylä parish",101450,2810,,62.3,29.6,97,"precipitation",1971,,,
"Salla Kelloselkä",101956,7706,,66.9,29,202,"precipitation",1949,,,
"Savonlinna Laukansaari",101423,2702,,61.8,28.8,94,"precipitation",1942,,,
"Savonlinna Savonranta",101448,2808,,62.2,29.3,90,"precipitation",1908,,,
"Siikalatva Kestilä",101717,4509,,64.4,26.3,90,"precipitation",1908,,,
"Siuntio Sjundby",105302,321,,60.1,24.3,26,"precipitation",1995,,,
"Suonenjoki Iisvesi",101578,3609,,62.7,27,103,"precipitation",1978,,,
"Sysmä Joutsjärvi",101342,2404,,61.5,25.8,91,"precipitation",1947,,,
"Teuva Kauppilankylä",101262,2008,,62.5,21.8,60,"precipitation",1960,,,
"Utajärvi Särkijärvi",101809,5604,,64.9,27.3,130,"precipitation",1916,,,
"Uusikaupunki Itätulli",101049,1006,,60.8,21.4,7,"precipitation",1908,,,
"Vihti Hiiskula",101135,1307,,60.5,24.5,100,"precipitation",1924,,,
"Äänekoski Kalaniemi",101541,3405,,62.9,25.9,107,"precipitation",1956,,,
"Kankaanpää Ylisenharju",107307,,,61.8,22.5,174,"radar",2021,,,
"Kitee Kesälahti",100690,,2995,61.9,29.8,174,"radar",2014,,,
"Kouvola Kaipiainen",101234,1615,2954,60.9,27.1,323,"radar",1994,,,
"Kuopio Rytky",101582,3613,2918,62.9,27.4,268,"radar",1995,,,
"Nurmes Mujejärvi Riihivaara",107131,,,63.8,29.4,294,"radar",2019,,,
"Parainen Rumar",100926,21,2933,60.1,21.6,61,"radar",1997,,,
"Petäjävesi Kintaus",103813,,2775,62.3,25.4,271,"radar",2015,,,
"Sodankylä Luosto",101939,7508,2840,67.1,26.9,532,"radar",2000,,,
"Utajärvi Korkiakangas",101872,6513,2870,64.8,26.3,118,"radar",1997,,,
"Vihti Ylimmäinen",107275,,,60.6,24.5,148,"radar",2021,,,
"Vimpeli Lakeaharju",101518,3217,2925,63.1,23.8,198,"radar",2005,,,
"Alajärvi Möksy",101533,3314,2787,63.1,24.3,171,"weather",1957,,,
"Asikkala Pulkkilanharju",101185,1434,2727,61.3,25.5,79,"weather",1991,,,
"Enontekiö Kilpisjärvi Saana",102017,9004,2701,69,20.9,1001,"weather",1991,,,
"Enontekiö Kilpisjärvi",102016,9003,2801,69,20.8,482,"weather",1951,,,
"Enontekiö Näkkälä",102019,9201,2726,68.6,23.6,375,"weather",1960,,,
"Enontekiö airport",101976,8208,2802,68.4,23.4,308,"weather",1999,,,
"Espoo Nuuksio",852678,344,2986,60.3,24.6,90,"weather",2014,,,
"Espoo Tapiola",874863,342,2985,60.2,24.8,6,"weather",2013,,,
"Hailuoto Keskikylä",101776,5301,2874,65,24.7,6,"weather",1950,,,
"Hammarland Märket",100919,14,2993,60.3,19.1,3,"weather",1885,,,
"Hanko Russarö",100932,101,2982,59.8,22.9,6,"weather",1881,,,
"Hanko Tulliniemi",100946,115,2746,59.8,22.9,10,"weather",1990,,,
"Hanko Tvärminne",100953,202,2750,59.8,23.2,3,"weather",1962,,,
"Hattula Lepaa",101151,1323,2704,61.1,24.3,87,"weather",1927,,,
"Heinola Asemantaus",101196,1506,2768,61.2,26,93,"weather",1908,,,
"Helsinki Harmaja",100996,330,2795,60.1,25,6,"weather",1989,,,
"Helsinki lighthouse",101003,337,2989,59.9,24.9,0,"weather",2003,,,
"Helsinki Kaisaniemi",100971,304,2978,60.2,24.9,3,"weather",1844,,,
"Helsinki Malmi airfield",101009,401,,60.3,25,15,"weather",1937,,,
"Helsinki Vuosaari Käärmeniementie",103943,,,60.2,25.2,9,"weather",2016,,,
"Helsinki Vuosaari harbour",151028,411,,60.2,25.2,2,"weather",2012,,,
"Hyvinkää Hyvinkäänkylä",101130,1302,2829,60.6,24.8,86,"weather",1930,,,
"Hämeenlinna Katinen",101150,1322,2754,61,24.5,87,"weather",2001,,,
"Hämeenlinna Lammi Pappila",101154,1403,2767,61.1,25,125,"weather",1963,,,
"Ilmajoki Seinäjoki airport",137188,,,62.7,22.8,87,"weather",2012,,,
"Ilomantsi Mekrijärvi",101651,3919,2939,62.8,31,156,"weather",1999,,,
"Inari Angeli Lintupuoliselkä",102026,9405,2857,68.9,25.7,285,"weather",2008,,,
"Inari Ivalo airport",102033,9601,2807,68.6,27.4,140,"weather",1957,,,
"Inari Kaamanen",102047,9616,2702,69.1,27.3,156,"weather",2008,,,
"Inari Kirakkajärvi",102055,9708,2858,69.6,28.9,106,"weather",2009,,,
"Inari Nellim",102052,9705,2835,68.8,28.3,121,"weather",1951,,,
"Inari Raja-Jooseppi Kontiojärvi",102008,,,68.5,28.3,185,"weather",1960,,,
"Inari Saariselkä tourist centre",102005,8606,2722,68.4,27.4,304,"weather",1976,,,
"Inari Seitalaassa",129963,9617,2888,69,27.8,121,"weather",2011,,,
"Inkoo Bågaskär",100969,302,2984,59.9,24,13,"weather",1954,,,
"Inkoo Jakobramsjö",108020,,,60,24,0,"weather",2023,,,
"Joensuu Linnunlahti",101632,3825,2928,62.6,29.7,79,"weather",2008,,,
"Jomala Jomalaby",100917,11,2741,60.2,20,11,"weather",1971,,,
"Jomala Mariehamn airport",100907,1,2970,60.1,19.9,2,"weather",1950,,,
"Joutsa Savenaho",101367,2501,2771,61.9,26.1,145,"weather",1946,,,
"Juuka Niemelä",101609,3802,2791,63.2,29.2,115,"weather",1914,,,
"Juva Partala",101418,2622,2736,61.9,27.9,110,"weather",1992,,,
"Jyväskylä airport",101339,2401,2935,62.4,25.7,139,"weather",1945,,,
"Jyväskylä airport AWOS",137208,,,62.4,25.7,124,"weather",1999,,,
"Jämsä Halli Lentoasemantie",101338,2324,2946,61.9,24.8,144,"weather",1964,,,
"Jämsä Halli airport",101315,2301,2945,61.9,24.8,144,"weather",1964,,,
"Järvenpää Sorto",103786,,,60.5,25.1,66,"weather",2015,,,
"Kaarina Yltöinen",100934,103,2828,60.4,22.6,6,"weather",1927,,,
"Kajaani Petäisenniska",126736,4620,2883,64.2,27.8,160,"weather",2010,,,
"Kajaani airport",101725,4601,2897,64.3,27.7,132,"weather",1956,,,
"Kalajoki Ulkokalla",101673,4212,2907,64.3,23.4,3,"weather",1876,,,
"Kankaanpää Niinisalo airfield",101291,2123,2753,61.8,22.5,123,"weather",1940,,,
"Karvia Alkkia",101272,2103,2708,62.2,22.8,162,"weather",1966,,,
"Kaskinen Sälgrund",101256,2002,2931,62.3,21.2,5,"weather",1876,,,
"Kauhajoki Kuja-Kokko",101289,2121,2769,62.4,22.2,94,"weather",1986,,,
"Kauhava airfield",101503,3201,2913,63.1,23,42,"weather",1931,,,
"Kemi Ajos",101846,6307,2862,65.7,24.5,3,"weather",1973,,,
"Kemi I lighthouse",101783,5309,2863,65.4,24.1,0,"weather",1978,,,
"Kemi Kemi-Tornio airport",101840,6301,2864,65.8,24.6,11,"weather",1945,,,
"Kemijärvi airfield",101950,7607,2814,66.7,27.2,208,"weather",2006,,,
"Kemiönsaari Kemiö",100951,120,2906,60.2,22.8,12,"weather",2009,,,
"Kemiönsaari Vänö",100945,114,2743,59.9,22.2,10,"weather",1990,,,
"Kirkkonummi Mäkiluoto",100997,331,2794,59.9,24.4,4,"weather",1989,,,
"Kittilä Kenttärova",101987,8312,2824,68,24.2,347,"weather",2002,,,
"Kittilä Pakatti",101990,8315,2860,67.7,24.9,179,"weather",2009,,,
"Kittilä Pokka",101994,8404,2717,68.2,25.8,275,"weather",1971,,,
"Kittilä airport",101986,8311,2720,67.7,24.9,195,"weather",1999,,,
"Kokemäki Tulkkila",101103,1140,2937,61.3,22.3,38,"weather",1912,,,
"Kokkola Santahaka",101675,4214,2852,63.8,23.1,5,"weather",2007,,,
"Kokkola Tankar",101661,4109,2721,64,22.8,7,"weather",1889,,,
"Korsnäs Bredskäret",101479,3018,2780,62.9,21.2,5,"weather",1991,,,
"Kotka Haapasaari",101042,601,2967,60.3,27.2,4,"weather",1986,,,
"Kotka Rankki",101030,501,2976,60.4,27,11,"weather",1933,,,
"Kouvola Anjala",101194,1504,2830,60.7,26.8,31,"weather",1941,,,
"Kouvola Utti Lentoportintie",101219,1529,2956,60.9,26.9,96,"weather",1944,,,
"Kouvola Utti airport",101191,1501,2966,60.9,26.9,102,"weather",1944,,,
"Kristiinankaupunki lighthouse",101268,2014,2752,62.2,21.2,0,"weather",1997,,,
"Kruunupyy Kokkola-Pietarsaari airport",101662,4201,2903,63.7,23.1,25,"weather",1960,,,
"Kuhmo Kalliojoki",101773,4901,2799,64.3,30.2,196,"weather",1997,,,
"Kumlinge parish",100928,23,2790,60.3,20.7,23,"weather",2000,,,
"Kuopio Maaninka",101572,3603,2788,63.1,27.3,91,"weather",1930,,,
"Kuopio Ritoniemi",101580,3611,2732,62.8,27.9,86,"weather",1980,,,
"Kuopio Savilahti",101586,3617,2955,62.9,27.6,87,"weather",2005,,,
"Kustavi Isokari",101059,1016,2964,60.7,21,5,"weather",1974,,,
"Kuusamo Kiutaköngäs",101887,6802,2811,66.4,29.3,167,"weather",1966,,,
"Kuusamo Rukatunturi",101897,6812,2868,66.2,29.2,497,"weather",1990,,,
"Kuusamo Välikangas",107081,,,66,29.2,268,"weather",2019,,,
"Kuusamo airport",101886,6801,2869,66,29.2,265,"weather",1908,,,
"Kökar Bogskär",100921,16,2979,59.5,20.3,4,"weather",1982,,,
"Lahti Sopenkorpi",104796,1441,,61,25.6,100,"weather",2016,,,
"Lappeenranta Hiekkapakka",101252,1716,2919,61.2,28.5,77,"weather",2009,,,
"Lappeenranta Konnunsuo",101246,1710,2733,61,28.6,46,"weather",1991,,,
"Lappeenranta airport",101237,1701,2958,61,28.1,104,"weather",1950,,,
"Lemland Nyhamn",100909,3,2980,60,20,9,"weather",1958,,,
"Lieksa Lampela",101636,3904,2796,63.3,30,99,"weather",1946,,,
"Liperi Joensuu airport",101608,3801,2929,62.7,29.6,112,"weather",1955,,,
"Liperi Tuiskavanluoto",101628,3821,2793,62.5,29.7,78,"weather",1997,,,
"Lohja Porla",100974,307,2706,60.2,24,35,"weather",1949,,,
"Loviisa Orrengrund",101039,510,2992,60.3,26.4,1,"weather",1974,,,
"Luhanka Judinsalo",101362,2426,2765,61.7,25.5,80,"weather",1990,,,
"Lumparland Långnäs harbour",151048,12,2724,60.1,20.3,10,"weather",2012,,,
"Maalahti Strömmingsbådan",101481,3020,2781,63,20.7,2,"weather",1997,,,
"Maarianhamina Lotsberget",107383,,,60.1,19.9,40,"weather",2021,,,
"Mariehamn West Harbour",151029,26,2997,60.1,19.9,2,"weather",2012,,,
"Mikkeli airport AWOS",855522,,,61.7,27.2,101,"weather",1959,,,
"Mikkeli airport",101398,2602,2947,61.7,27.2,99,"weather",1951,,,
"Multia Karhila",101536,3317,2927,62.5,24.8,227,"weather",2008,,,
"Muonio Laukukero",101982,8307,2820,68.1,24,760,"weather",1996,,,
"Muonio Oustajärvi",106435,8211,2823,67.9,23.7,240,"weather",2013,,,
"Mustasaari Valassaaret",101464,3003,2910,63.4,21.1,4,"weather",1895,,,
"Mäntsälä Hirvihaara",103794,1440,2774,60.6,25.2,83,"weather",2015,,,
"Nurmes Valtimo",101743,4701,2798,63.7,28.8,114,"weather",1969,,,
"Nurmijärvi Röykkä",101149,1321,2983,60.5,24.7,110,"weather",1952,,,
"Oulu Kaukovainio",108040,,,65,25.5,13,"weather",2023,,,
"Oulu Vihreäsaari harbour",101794,5409,2876,65,25.4,3,"weather",1996,,,
"Oulu airport",101786,5401,2875,64.9,25.3,13,"weather",1953,,,
"Parainen Fagerholm",100924,19,2950,60.1,21.7,3,"weather",1989,,,
"Parikkala Koitsanlahti",101254,1802,2734,61.4,29.5,74,"weather",1991,,,
"Pelkosenniemi Pyhätunturi",101958,7708,2705,67,27.2,489,"weather",1995,,,
"Pello parish",101914,7307,2844,66.8,24,86,"weather",1970,,,
"Pietarsaari Kallan",101660,4108,2920,63.8,22.5,2,"weather",1995,,,
"Pirkkala Tampere-Pirkkala airport",101118,1215,2944,61.4,23.6,112,"weather",1979,,,
"Pori Isomäki",108440,,,61.5,21.8,14,"weather",2025,,,
"Pori Tahkoluoto harbour",101267,2013,2751,61.6,21.4,3,"weather",1996,,,
"Pori airport",101044,1001,2952,61.5,21.8,11,"weather",1945,,,
"Porvoo Emäsalo",101023,417,2991,60.2,25.6,19,"weather",1974,,,
"Porvoo Harabacka",101028,422,2759,60.4,25.6,22,"weather",2006,,,
"Porvoo Kalbådagrund",101022,416,2987,60,25.6,0,"weather",1977,,,
"Porvoo Kilpilahti harbour",100683,424,2994,60.3,25.5,2,"weather",2014,,,
"Pudasjärvi airfield",101805,5507,2866,65.4,27,120,"weather",1999,,,
"Puolanka Paljakka",101831,5716,2859,64.7,28.1,341,"weather",2009,,,
"Puumala parish",150168,2708,2718,61.5,28.2,98,"weather",2012,,,
"Pyhtää airfield",107029,513,,60.5,26.6,21,"weather",2019,,,
"Pyhäjärvi Ojakylä",101705,4412,2738,63.7,25.7,152,"weather",1990,,,
"Raahe Lapaluoto harbour",101785,5311,2872,64.7,24.4,2,"weather",1990,,,
"Raahe Nahkiainen",101775,5201,2800,64.6,23.9,0,"weather",1997,,,
"Raasepori Jussarö",100965,215,2757,59.8,23.6,17,"weather",1990,,,
"Rantasalmi Rukkasluoto",101436,2716,2772,62.1,28.6,79,"weather",1997,,,
"Ranua Aho",108133,,,66.2,26.1,223,"weather",2024,,,
"Ranua airfield",101873,6514,2881,66,26.4,161,"weather",2008,,,
"Rauma Kylmäpihlaja",101061,1018,2761,61.1,21.3,4,"weather",1990,,,
"Rauma Pyynpää",105427,1023,,61.1,21.5,15,"weather",2018,,,
"Rovaniemi Apukka",101933,7502,2813,66.6,26,106,"weather",1939,,,
"Rovaniemi airport",101920,7401,2845,66.6,25.8,189,"weather",1951,,,
"Rovaniemi airport AWOS",137190,,,66.6,25.8,187,"weather",1999,,,
"Rovaniemi railway station",101928,7409,2847,66.5,25.7,85,"weather",1997,,,
"Salla Naruska",101966,7804,2745,67.2,29.2,213,"weather",1999,,,
"Salla parish",101959,7709,2849,66.8,28.7,218,"weather",1960,,,
"Salo Kiikala airfield",100967,217,2777,60.5,23.6,117,"weather",2002,,,
"Salo Kärkkä",100955,205,2756,60.4,23.1,3,"weather",1936,,,
"Savonlinna Punkaharju Laukansaari",101441,2801,2778,61.8,29.3,79,"weather",1904,,,
"Savonlinna airport",101430,2710,2948,61.9,28.9,92,"weather",1974,,,
"Savukoski Tulppio",107565,,,67.8,29.2,217,"weather",2022,,,
"Savukoski parish",101952,7702,2815,67.3,28.2,174,"weather",1934,,,
"Seinäjoki Pelmaa",101486,3101,2833,62.9,22.5,26,"weather",1927,,,
"Siikajoki Ruukki",101787,5402,2803,64.7,25.1,48,"weather",1911,,,
"Siilinjärvi Kuopio airport",101570,3601,2917,63,27.8,94,"weather",1945,,,
"Sipoo Itätoukki",105392,425,,60.1,25.2,8,"weather",2017,,,
"Sodankylä Lokka",102000,8601,2719,67.8,27.7,240,"weather",1958,,,
"Sodankylä Vuotso",102001,8602,2816,68.1,27.2,247,"weather",1958,,,
"Somero Salkola",101128,1227,2949,60.6,23.8,142,"weather",2010,,,
"Sotkamo Kuolaniemi",101756,4714,2739,64.1,28.3,160,"weather",1989,,,
"Sotkamo Tuhkakylä",107113,,,64,28.1,211,"weather",2019,,,
"Suomussalmi Pesiö",101826,5711,2889,64.9,28.7,222,"weather",1981,,,
"Taivalkoski parish",101885,6707,2804,65.6,28.2,197,"weather",2002,,,
"Tampere Härmälä",101124,1222,2763,61.5,23.7,85,"weather",1948,,,
"Tampere Siilinkari",101311,2219,2943,61.5,23.8,96,"weather",1989,,,
"Tervola Loue",107201,6313,,66.2,25,38,"weather",2020,,,
"Tohmajärvi Kemie",101459,2902,2832,62.2,30.3,91,"weather",1925,,,
"Toholampi Laitala",101689,4314,2737,63.8,24.2,84,"weather",1988,,,
"Tornio Kaakkuri",101851,6312,2880,65.9,24.2,6,"weather",2008,,,
"Turku Artukainen",100949,118,2773,60.5,22.2,8,"weather",2003,,,
"Turku Rajakari",100947,116,2747,60.4,22.1,3,"weather",1991,,,
"Turku airport",101065,1101,2972,60.5,22.3,45,"weather",1955,,,
"Utsjoki Kevo",102035,9603,2805,69.8,27,107,"weather",1961,,,
"Utsjoki Kevo Kevojärvi",126737,9618,2890,69.8,27,76,"weather",2010,,,
"Utsjoki Nuorgam",102036,9604,2825,70.1,27.9,22,"weather",1929,,,
"Vaala Pelso",101800,5502,2714,64.5,26.4,113,"weather",1943,,,
"Vaasa Klemettilä",101485,3024,2957,63.1,21.6,8,"weather",2010,,,
"Vaasa airport",101462,3001,2911,63.1,21.8,4,"weather",1946,,,
"Vantaa Helsinki-Vantaa airport",100968,301,2974,60.3,25,47,"weather",1952,,,
"Varkaus Kosulanniemi",101421,2625,2850,62.3,27.9,83,"weather",2007,,,
"Vesanto parish",101555,3502,2710,62.9,26.4,121,"weather",1914,,,
"Vieremä Kaarakkala",101726,4602,2834,63.8,27.2,206,"weather",1937,,,
"Vihti Maasoja",100976,309,2758,60.4,24.4,39,"weather",1938,,,
"Viitasaari Haapaniemi",101537,3401,2915,63.1,25.9,130,"weather",1969,,,
"Virolahti Koivuniemi",101231,1612,2831,60.5,27.7,5,"weather",1976,,,
"Virrat Äijänneva",101310,2218,2735,62.3,23.5,138,"weather",1986,,,
"Ylitornio Meltosjärvi",101908,7301,2812,66.5,24.6,93,"weather",1935,,,
"Ylivieska airfield",101690,4315,2755,64.1,24.7,76,"weather",2000,,,
"Ähtäri Inha",101520,3301,2924,62.6,24.1,162,"weather",1912,,,
"Hailuoto Marjaniemi",101784,5310,2873,65,24.6,7,"weather","air quality (FMI)",1881,,
"Helsinki Kumpula",101004,339,2998,60.2,25,24,"weather","air quality (FMI)",2005,,
"Ilomantsi Pötsönvaara",101649,3917,2766,63.1,31,237,"weather","air quality (FMI)",1997,,
"Kittilä Lompolonvuoma",778135,8303,2764,68,24.2,270,"weather","air quality (FMI)",2013,,
"Kittilä Matorova",101985,8310,2882,68,24.2,339,"weather","air quality (FMI)",1995,,
"Kuusamo Juuma",101899,6814,2749,66.3,29.4,298,"weather","air quality (FMI)",1989,,
"Muonio Sammaltunturi",101983,8308,2821,68,24.1,555,"weather","air quality (FMI)",1991,,
"Haapavesi Mustikkamäki",101695,4402,2797,64.1,25.4,112,"weather","precipitation",1951,,
"Halsua Purola",101528,3309,2725,63.4,24.4,153,"weather","precipitation",1958,,
"Rautavaara Ylä-Luosta",101603,3716,2789,63.4,28.7,164,"weather","precipitation",1976,,
"Parainen Utö",100908,2,2981,59.8,21.4,6,"weather","precipitation","air quality (FMI)",1881,
"Juupajoki Hyytiälä",101317,2303,2770,61.8,24.3,154,"weather","precipitation","air quality (FMI)","air quality (urban)",1956
"Salla Värriötunturi",102012,8803,2819,67.7,29.6,360,"weather","precipitation","air quality (FMI)","air quality (urban)",1971
"Inari Saariselkä Kaunispää",102006,8607,2817,68.4,27.4,437,"weather","radar",1995,,
"Jokioinen Ilmala",101104,1201,2963,60.8,23.5,104,"weather","sounding",1928,,
"Sodankylä Tähtelä",101932,7501,2836,67.4,26.6,179,"weather","sounding","air quality (FMI)",1891,
